Organization Name,Town/City,County,Tier & Rating,Sub Tier
@ Home Accommodation Services Ltd,London,,Tier 2 (A rating),Tier 2 General
@ Home Accommodation Services Ltd,London,,Tier 5 (A rating),Creative & Sporting
]performance s p a c e [,Folkestone,Kent,Tier 5 (A rating),Creative & Sporting
012 Global Ltd,London,Kent,Tier 2 (A rating),Tier 2 General
0-two Maintenance,London,Kent,Tier 2 (A rating),Tier 2 General
1 Digitals Europe Limited,Slough,Kent,Tier 2 (A rating),Tier 2 General
1 minus 1 Limited,Farnham,Surrey,Tier 2 (A rating),Tier 2 General
1 Stop Halal Limited,Eye,Suffolk,Tier 2 (A rating),Tier 2 General
1 Stop Print Ltd,Ilford,Suffolk,Tier 2 (A rating),Tier 2 General
10 Europe Limited,Edinburgh,Suffolk,Tier 2 (A rating),Tier 2 General
10 Europe Limited,Edinburgh,Suffolk,Tier 2 (A rating),Intra Company Transfers (ICT)
10 GROUP LTD  T/A THE 10 GROUP,London,Suffolk,Tier 2 (A rating),Tier 2 General
100 SHAPES LTD,London,Suffolk,Tier 2 (A rating),Tier 2 General
1000heads Ltd,London,Suffolk,Tier 2 (A rating),Tier 2 General
1000mercis LTD,London,Suffolk,Tier 2 (A rating),Tier 2 General
100Starlings Ltd,London,Suffolk,Tier 2 (A rating),Tier 2 General
101 Ways Limited,London,Suffolk,Tier 2 (A rating),Tier 2 General
108 Medical Ltd,London,Suffolk,Tier 2 (A rating),Tier 2 General
10architect Ltd,Manchester,Suffolk,Tier 2 (A rating),Tier 2 General
10BE5 LTD.,London,Suffolk,Tier 2 (A rating),Tier 2 General
10X Future Technologies Services Ltd,London,Suffolk,Tier 2 (A rating),Tier 2 General
114 GPS Ltd  T/A Sushi Atelier,London,Suffolk,Tier 2 (A rating),Tier 2 General
1218 UK Limited trading as 1218 Global,Leicester,Suffolk,Tier 2 (A rating),Tier 2 General
1218 UK Limited trading as 1218 Global,Leicester,Suffolk,Tier 2 (A rating),Intra Company Transfers (ICT)
123 Insight Limited,Durely,Southampton,Tier 2 (A rating),Tier 2 General
1265 Degrees North Ltd,Newcastle Upon Tyne,Southampton,Tier 2 (A rating),Tier 2 General
13 Artists,Brighton,Southampton,Tier 5 (A rating),Creative & Sporting
14 PROMOTIONS (TRADE) LIMITED,London,Southampton,Tier 2 (A rating),Tier 2 General
1508 London Limited,London,Southampton,Tier 2 (A rating),Tier 2 General
15GIFTS LTD,Brighton,East Sussex,Tier 2 (A rating),Tier 2 General
168 EXPRESS LTD,Erith,KENT,Tier 2 (A rating),Tier 2 General
16HarleyCo Limited,London,KENT,Tier 2 (A rating),Tier 2 General
16printing Ltd,Jewellery Quarter,"Birmingham,",Tier 2 (A rating),Tier 2 General
17 Capital Services Ltd,London,"Birmingham,",Tier 2 (A rating),Tier 2 General
17TAOUK TRADE LIMITED,Birmingham,WEST MIDLANDS,Tier 2 (A rating),Tier 2 General
18 Feet & Rising Limited,London,WEST MIDLANDS,Tier 2 (A rating),Tier 2 General
1854 Media Limited,London,WEST MIDLANDS,Tier 2 (A rating),Tier 2 General
18A Charing Cross Dental Surgery,London,WEST MIDLANDS,Tier 2 (A rating),Tier 2 General
18APR Limited,London,WEST MIDLANDS,Tier 5 (A rating),Creative & Sporting
19RM Ltd,London,WEST MIDLANDS,Tier 2 (A rating),Tier 2 General
1E Limited,Ealing,London,Tier 2 (A rating),Intra Company Transfers (ICT)
1E Limited,Ealing,London,Tier 2 (A rating),Tier 2 General
1OAK CAPITAL LIMITED,London,London,Tier 2 (A rating),Tier 2 General
1partCarbon Ltd,Edinburgh,Scotland,Tier 2 (A rating),Tier 2 General
1pm (UK) Ltd t/a Onepm Finance,Bath,Scotland,Tier 2 (A rating),Tier 2 General
1Spatial Group,Cambridge,East of England,Tier 2 (A rating),Tier 2 General
1st Glimpse Ltd,Witham,Essex,Tier 2 (A rating),Tier 2 General
1Truth Ltd,Newtownabbey,Antrim,Tier 2 (A rating),Tier 2 General
2 degrees Limited,Oxford,Oxfordshire,Tier 2 (A rating),Tier 2 General
2 Plan Project Management Limited,Woking,Surrey,Tier 2 (A rating),Tier 2 General
2 Sisters Leicester Ltd t/a Cafe Delhi,Leicester,Surrey,Tier 2 (A rating),Tier 2 General
20/20 Vision Recordings LTD,Leeds,Yorks,Tier 5 (A rating),Creative & Sporting
200 Degrees Coffee Roasters,Nottingham,Yorks,Tier 2 (A rating),Tier 2 General
2020 Delivery Ltd t/a The PSC,London,Yorks,Tier 2 (A rating),Tier 2 General
20-20 Technologies Ltd,Ashford,Kent,Tier 2 (A rating),Tier 2 General
21st Architecture Ltd,London,Kent,Tier 2 (A rating),Tier 2 General
21st Club Limited,London,Kent,Tier 2 (A rating),Tier 2 General
22 Locations Ltd,St Albans,Kent,Tier 2 (A rating),Tier 2 General
22cans Ltd.,Guilford,Surrey,Tier 2 (A rating),Tier 2 General
2399098 Ontario Inc o/a MAK Consulting Group,High Wycombe,Bucks,Tier 2 (A rating),Tier 2 General
24 Live UK Ltd,London,Bucks,Tier 2 (A rating),Tier 2 General
24 Seven UK Limited,London,Bucks,Tier 2 (A rating),Tier 2 General
247 Commerce Ltd,Brentford,Middlesex,Tier 2 (A rating),Tier 2 General
247 Financial Services Ltd,London,Middlesex,Tier 2 (A rating),Tier 2 General
247 Financial Services Ltd,London,Middlesex,Tier 2 (A rating),Intra Company Transfers (ICT)
24-7 Prayer,Guildford,Surrey,Tier 2 (A rating),Religious Workers
24Haymarket Limited,London,Surrey,Tier 2 (A rating),Tier 2 General
24SQ Limited,London,Surrey,Tier 2 (A rating),Tier 2 General
29 Forward Ltd,London,Surrey,Tier 2 (A rating),Tier 2 General
2CV Ltd,London,Surrey,Tier 2 (A rating),Tier 2 General
2DAYUK LIMITED,St. Ives,Cambridgeshire,Tier 2 (A rating),Tier 2 General
2DAYUK LIMITED,St. Ives,Cambridgeshire,Tier 2 (A rating),Intra Company Transfers (ICT)
2-DTech Ltd.,Manchester,Cambridgeshire,Tier 2 (A rating),Tier 2 General
2Excel Aviation Ltd,Sywell,Northants,Tier 2 (A rating),Tier 2 General
2H Offshore Engineering Ltd,Woking,Surrey,Tier 2 (A rating),Tier 2 General
2H Offshore Engineering Ltd,Woking,Surrey,Tier 2 (A rating),Intra Company Transfers (ICT)
2M Automation Ltd,Oldham,Greater Manchester,Tier 2 (A rating),Tier 2 General
2MZ Ltd,London,Greater Manchester,Tier 2 (A rating),Tier 2 General
2R Capital Investment Management Limited,London,Greater Manchester,Tier 2 (A rating),Tier 2 General
2S Limited,London,Greater Manchester,Tier 2 (A rating),Tier 2 General
2XU UK Limited,Twyford,Berkshire,Tier 2 (A rating),Tier 2 General
2XU UK Limited,Twyford,Berkshire,Tier 2 (A rating),Intra Company Transfers (ICT)
3 SPIRIT ENTERPRISE UK LIMITED,Hemel Hempstead,Dacorum District,Tier 2 (A rating),Tier 2 General
3 TIMES LIMITED,East Horsley,Leatherhead,Tier 5 (A rating),Creative & Sporting
3 Way Displays Lts,Chesham,Bucks,Tier 2 (A rating),Tier 2 General
3 Way Healthcare Limited,Reading,Berkshire,Tier 2 (A rating),Tier 2 General
3 Wise Bears Ltd,Acton,London,Tier 2 (A rating),Tier 2 General
33Seconds Ltd,London,London,Tier 2 (A rating),Tier 2 General
34SP.com Limited,Manchester,London,Tier 2 (A rating),Tier 2 General
36 South Capital Advisors LLP,London,London,Tier 2 (A rating),Tier 2 General
360 health ltd,London,London,Tier 2 (A rating),Tier 2 General
360 Recruitment Limited,Nottingham,London,Tier 2 (A rating),Tier 2 General
360Globalnet Ltd,Whyteleafe,Surrey,Tier 2 (A rating),Tier 2 General
360Globalnet Ltd,Whyteleafe,Surrey,Tier 2 (A rating),Intra Company Transfers (ICT)
365 Childminding Ltd,Luton,Surrey,Tier 2 (A rating),Tier 2 General
38 Degrees,London,Surrey,Tier 2 (A rating),Tier 2 General
383 Project,Birmingham,West Midlands,Tier 2 (A rating),Tier 2 General
3AB CARE LIMITED,Chipping Sodbury,West Midlands,Tier 2 (A rating),Tier 2 General
3B Data Security Ltd,Sawston,West Midlands,Tier 2 (A rating),Tier 2 General
3B DIGITAL LTD,London,West Midlands,Tier 2 (A rating),Tier 2 General
3CS Holdings PLC,London,West Midlands,Tier 2 (A rating),Tier 2 General
3D Industries Ltd,London,West Midlands,Tier 2 (A rating),Tier 2 General
3d Innovations Limited,London,West Midlands,Tier 2 (A rating),Tier 2 General
3-D Matrix UK Limited,London,West Midlands,Tier 2 (A rating),Tier 2 General
3-D Matrix UK Limited,London,West Midlands,Tier 2 (A rating),Intra Company Transfers (ICT)
3D Repo Limited,London,West Midlands,Tier 2 (A rating),Tier 2 General
3D Scanners UK Limited,Coventry,West Midlands,Tier 2 (A rating),Tier 2 General
3D Systems Europe Ltd,Hemel Hempstead,Hertfordshire,Tier 2 (A rating),Tier 2 General
3D Systems Europe Ltd,Hemel Hempstead,Hertfordshire,Tier 2 (A rating),Intra Company Transfers (ICT)
3DC Ltd,London,Hertfordshire,Tier 2 (A rating),Tier 2 General
3F BIO LTD,Glasgow,Hertfordshire,Tier 2 (A rating),Tier 2 General
3H Partners Limited,London,London,Tier 2 (A rating),Tier 2 General
3KOBROS LIMITED,London,London,Tier 2 (A rating),Tier 2 General
3M United Kingdom PLC,Bracknell,London,Tier 2 (A rating),Tier 2 General
3M United Kingdom PLC,Bracknell,London,Tier 2 (A rating),Intra Company Transfers (ICT)
3MS MUSIC LTD,St Albans,HERTS,Tier 5 (A rating),Creative & Sporting
3P Learning Limited,Bristol,HERTS,Tier 2 (A rating),Tier 2 General
3R Consultants Ltd,London,HERTS,Tier 2 (A rating),Tier 2 General
3rd Eye Vision Ltd,Hove,East Sussex,Tier 2 (A rating),Tier 2 General
3S Money Club Limited,London,East Sussex,Tier 2 (A rating),Tier 2 General
3Search Limited,London,East Sussex,Tier 2 (A rating),Tier 2 General
3T Logistics Limited,Leicester,East Sussex,Tier 2 (A rating),Tier 2 General
3Ti Energy Hubs Limited,London,East Sussex,Tier 2 (A rating),Tier 2 General
3V Consultants Limited,Solihull,East Sussex,Tier 2 (A rating),Tier 2 General
4 GLOBAL CONSULTING LIMITED,London,East Sussex,Tier 2 (A rating),Tier 2 General
4 GLOBAL CONSULTING LIMITED,London,East Sussex,Tier 2 (A rating),Intra Company Transfers (ICT)
4 Roads Ltd,Kenilworth,WEST MIDLANDS,Tier 2 (A rating),Tier 2 General
40 Harley Street Group Practice,London,WEST MIDLANDS,Tier 2 (A rating),Tier 2 General
42 Acres Ltd,London,WEST MIDLANDS,Tier 2 (A rating),Tier 2 General
42Gears Mobility Systems (UK) Ltd,Manchester,Greater Manchester,Tier 2 (A rating),Intra Company Transfers (ICT)
45R-LD LIMITED,London,Greater Manchester,Tier 2 (A rating),Intra Company Transfers (ICT)
47 Brand Europe Limited,Bedford,Bedfordshire,Tier 2 (A rating),Tier 2 General
47 Brand Europe Limited,Bedford,Bedfordshire,Tier 2 (A rating),Intra Company Transfers (ICT)
4AS Limited,Warwickshire,Bedfordshire,Tier 2 (A rating),Tier 2 General
4BIO Ventures Management Limited,London,Bedfordshire,Tier 2 (A rating),Tier 2 General
4C Associates Ltd,London,Bedfordshire,Tier 2 (A rating),Tier 2 General
4C Offshore Limited,Lowestoft,Suffolk,Tier 2 (A rating),Tier 2 General
4D Pharma Research Ltd,Aberdeen,Suffolk,Tier 2 (A rating),Tier 2 General
4Fashions Ltd,Manchester,Suffolk,Tier 2 (A rating),Tier 2 General
4M LONDON LIMITED,London,Suffolk,Tier 2 (A rating),Tier 2 General
4M LONDON LIMITED,London,Suffolk,Tier 2 (A rating),Intra Company Transfers (ICT)
4MA LIMITED,London,Suffolk,Tier 2 (A rating),Tier 2 General
4most Europe Limited,London,Suffolk,Tier 2 (A rating),Tier 2 General
4M-TESTING LTD,Leeds,West Yorkshire,Tier 2 (A rating),Tier 2 General
4PS Construction Solutions Limited,Birmingham,West Yorkshire,Tier 2 (A rating),Tier 2 General
4th Dimension Innovation Ltd,Egham,Surrey,Tier 2 (A rating),Tier 2 General
5 Dimensions Trust,Milton Keynes,Surrey,Tier 2 (A rating),Tier 2 General
5 E Ltd,London,Surrey,Tier 2 (A rating),Tier 2 General
5 S Family Limited T/A New Haweli,West Byfleet,Surrey,Tier 2 (A rating),Tier 2 General
5 West Limited,Gosport,Hampsshire,Tier 2 (A rating),Tier 2 General
51 CARGO SERVICES LIMITED,Manchester,Hampsshire,Tier 2 (A rating),Tier 2 General
515 Capital Limited,London,Hampsshire,Tier 2 (A rating),Tier 2 General
51parcel LTD,London,Hampsshire,Tier 2 (A rating),Tier 2 General
54 Capital Ltd,London,Hampsshire,Tier 2 (A rating),Tier 2 General
5AXISWORKS LTD,London,Hampsshire,Tier 2 (A rating),Tier 2 General
5G Communications Limited,High Wycombe,Bucks,Tier 2 (A rating),Tier 2 General
6 Bones Limited trading as Dirty Bones,London,Bucks,Tier 2 (A rating),Tier 2 General
"60 Decibels, Inc",London,Bucks,Tier 2 (A rating),Tier 2 General
64 COMPUTERS LTD,London,MIDDLESEX,Tier 2 (A rating),Tier 2 General
66 North UK Limited,London,Greater London,Tier 2 (A rating),Tier 2 General
66 North UK Limited,London,Greater London,Tier 2 (A rating),Intra Company Transfers (ICT)
67 Bricks Ltd.,Oxford,Greater London,Tier 2 (A rating),Tier 2 General
6a ltd.,London,Greater London,Tier 2 (A rating),Tier 2 General
6B Digital Limited,Wakefiled,West Yorkshire,Tier 2 (A rating),Tier 2 General
7 Hills solutions Ltd,Milton Keynes,West Yorkshire,Tier 2 (A rating),Tier 2 General
7 STAR TRADING LTD,Bristol,West Yorkshire,Tier 2 (A rating),Tier 2 General
72 Point Limited,Bristol,West Yorkshire,Tier 2 (A rating),Tier 2 General
720 Management Limited,London,West Yorkshire,Tier 2 (A rating),Tier 2 General
720 Management Limited,London,West Yorkshire,Tier 2 (A rating),Intra Company Transfers (ICT)
725 Limited,Gravesend,West Yorkshire,Tier 2 (A rating),Tier 2 General
77 Diamonds Limited,London,West Yorkshire,Tier 2 (A rating),Tier 2 General
77Agency Ltd,London,Greater London,Tier 2 (A rating),Tier 2 General
77Agency Ltd,London,Greater London,Tier 2 (A rating),Intra Company Transfers (ICT)
7am Limited,Bournemouth,Dorset,Tier 2 (A rating),Tier 2 General
7DIGITAL GROUP PLC,London,Dorset,Tier 2 (A rating),Tier 2 General
8 Hours Ahead Ltd,London,Dorset,Tier 2 (A rating),Tier 2 General
80:20 Procurement Services Limited,Aberdeen,Dorset,Tier 2 (A rating),Tier 2 General
80:20 Procurement Services Limited,Aberdeen,Dorset,Tier 2 (A rating),Intra Company Transfers (ICT)
800 Limited,Hertfordshire,UK,Tier 2 (A rating),Tier 2 General
8c Capital LLP,London,London,Tier 2 (A rating),Tier 2 General
8hwe,London,London,Tier 2 (A rating),Tier 2 General
8PM Chemist Ltd,Willenhall,West Midlands,Tier 2 (A rating),Tier 2 General
8th Earl Spencer's Family Settlement,Althorp,Northamptonshire,Tier 2 (A rating),Tier 2 General
8th Light Ltd,London,Northamptonshire,Tier 2 (A rating),Tier 2 General
8th Light Ltd,London,Northamptonshire,Tier 2 (A rating),Intra Company Transfers (ICT)
8to8 Dental,Buckie,Banffshire,Tier 2 (A rating),Tier 2 General
8x8 UK LIMITED,Aylesbury,BUCKINGHAMSHIRE,Tier 2 (A rating),Intra Company Transfers (ICT)
8x8 UK LIMITED,Aylesbury,BUCKINGHAMSHIRE,Tier 2 (A rating),Tier 2 General
9 Dots Consulting Limited,Macmerry,BUCKINGHAMSHIRE,Tier 2 (A rating),Tier 2 General
92 Higher Drive Ltd T/A Highfield House,Purley,Surrey,Tier 2 (A rating),Tier 2 General
99P Recycling Ltd,Manchester,Surrey,Tier 2 (A rating),Tier 2 General
9fin Limited,London,Surrey,Tier 2 (A rating),Tier 2 General
9R MANAGEMENT LTD,London,Surrey,Tier 2 (A (SME+)),Tier 2 General
A & D Instruments Ltd,Abingdon,Oxon,Tier 2 (A rating),Intra Company Transfers (ICT)
A & I Care Homes Ltd T/a The Meadows Residential Care Home,Greenford,Middlesex,Tier 2 (A rating),Tier 2 General
A & M Pharmacies Limited,Coventry,WARWICKSHIRE,Tier 2 (A rating),Tier 2 General
A & S (1992) Ltd,Middlesex,WARWICKSHIRE,Tier 2 (A rating),Tier 2 General
A & S Plumbing and Heating (1969) Ltd,Derby,WARWICKSHIRE,Tier 2 (A rating),Tier 2 General
A BRIGHT CARE LTD,Canterbury,WARWICKSHIRE,Tier 2 (A rating),Tier 2 General
A C Hulme & Sons,Canterbury,Kent,Tier 2 (A rating),Tier 2 General
A City Law Firm Ltd,London,Kent,Tier 2 (A rating),Tier 2 General
A Cloud Guru Ltd,Twickenham,Kent,Tier 2 (A rating),Tier 2 General
A Cloud Guru Ltd,Twickenham,Kent,Tier 2 (A rating),Intra Company Transfers (ICT)
A CONCEPT LIMITED,London,Kent,Tier 2 (A rating),Tier 2 General
A F Jones Stonemasons Ltd,Reading,Berkshire,Tier 2 (A rating),Tier 2 General
A J Walter Aviation Limited,Slinfold,West Sussex,Tier 2 (A rating),Tier 2 General
A Jolly Consulting Ltd,Southend-on-sea,West Sussex,Tier 2 (A rating),Tier 2 General
A M F MEDICA LIMITED,Witham,ESSEX,Tier 2 (A rating),Tier 2 General
A M Jamieson & Daughters,Girvan,Ayrshire,Tier 2 (A rating),Tier 2 General
A M Signalling Design Limited,Birmingham,West Midlands,Tier 2 (A rating),Tier 2 General
A M Signalling Design Limited,Birmingham,West Midlands,Tier 2 (A rating),Intra Company Transfers (ICT)
A Marketing Vocation Ltd,Harrogate,North Yorkshire,Tier 2 (A rating),Tier 2 General
A Nelson & Co Ltd,London,North Yorkshire,Tier 2 (A rating),Tier 2 General
A Nelson & Co Ltd,London,North Yorkshire,Tier 2 (A rating),Intra Company Transfers (ICT)
A P Sampson Ltd,Luton,Bedfordshire,Tier 2 (A rating),Tier 2 General
A Plus International Express Parcels (UK) Ltd,Feltham,Middlesex,Tier 2 (A rating),Tier 2 General
A R PARMAR LTD,London,Middlesex,Tier 2 (A rating),Tier 2 General
A Rocha UK,London,Middlesex,Tier 5 (A rating),Voluntary Workers
A S Roma UK Branch,London,Middlesex,Tier 2 (A rating),Tier 2 General
A Squared Eats Ltd t/a Gupshup,Hale,Cheshire,Tier 2 (A rating),Tier 2 General
A T Kearney Limited,London,Cheshire,Tier 2 (A rating),Tier 2 General
A T Kearney Limited,London,Cheshire,Tier 2 (A rating),Intra Company Transfers (ICT)
A Tech IT Services Ltd,Manchester,Cheshire,Tier 2 (A rating),Tier 2 General
A to E Training and Solutions Ltd,London,Cheshire,Tier 2 (A rating),Tier 2 General
A Woodlands House,Littlehampton,West Sussex,Tier 2 (A rating),Tier 2 General
A Word About Wind Ltd,Oxford,West Sussex,Tier 2 (A rating),Tier 2 General
A Y & J Solicitors,London,West Sussex,Tier 2 (A rating),Tier 2 General
A Z REAL ESTATE LIMITED,Brighton,West Sussex,Tier 2 (A rating),Tier 2 General
A&P Accountants Limited,Central Milton Keynes,Bucks,Tier 2 (A rating),Tier 2 General
A&Q Partnership (London) Ltd,London,Bucks,Tier 2 (A rating),Tier 2 General
A&R Properties (London) Ltd,London,Bucks,Tier 2 (A rating),Tier 2 General
A.B. Hotels (The Arch London) Limited,London,Bucks,Tier 2 (A rating),Tier 2 General
A.B. Hotels (The Arch London) Limited,London,Bucks,Tier 2 (A rating),Intra Company Transfers (ICT)
A.I.U.H GROUP LTD,Staines-upon-thames,Surrey,Tier 2 (A rating),Tier 2 General
A.K Medical Consultancy Ltd. T/A Cockerton Pharmacy,Darlington,Tyne And Wear,Tier 2 (A rating),Tier 2 General
A.L.O. Physiotherapy Clinic Ltd,London,Tyne And Wear,Tier 2 (A rating),Tier 2 General
A.M. Nomikos & Son (UK) Ltd,London,Tyne And Wear,Tier 2 (A rating),Tier 2 General
A.M. Qattan Foundation,London,Tyne And Wear,Tier 2 (A rating),Tier 2 General
A.M. Qattan Foundation,London,Tyne And Wear,Tier 2 (A rating),Intra Company Transfers (ICT)
A.M. Qattan Foundation,London,Tyne And Wear,Tier 5 (A rating),Creative & Sporting
A.M. Robb Limited,Somerset,Tyne And Wear,Tier 2 (A rating),Tier 2 General
A.P.T. Capital,London,Tyne And Wear,Tier 2 (A rating),Intra Company Transfers (ICT)
A.P.T. Capital,London,Tyne And Wear,Tier 2 (A rating),Tier 2 General
A.Q. SKIN SOLUTIONS LIMITED,Burnham,Tyne And Wear,Tier 2 (A rating),Tier 2 General
A.S.I. (Research) Limited,London,Tyne And Wear,Tier 2 (A rating),Tier 2 General
A.S.Zanettos & Co. Ltd,London,Tyne And Wear,Tier 2 (A rating),Tier 2 General
A.Williams & Co. (Solicitors),London,london,Tier 2 (A rating),Tier 2 General
A/P Recovery UK Ltd,London,london,Tier 2 (A rating),Tier 2 General
A1 Chiro LTD,Dundee,"Angus, Scotland",Tier 2 (A rating),Tier 2 General
A1 Comms Ltd,Alfreton,Derbyshire,Tier 2 (A rating),Tier 2 General
A10 Networks Limited,Theale,Derbyshire,Tier 2 (A rating),Tier 2 General
A123 Systems U.K. Limited,Coventry,Derbyshire,Tier 2 (A rating),Tier 2 General
A1F1 Limited,Croydon,Surrey,Tier 2 (A rating),Tier 2 General
A24 Group Ltd,Sutton,Surrey,Tier 2 (A rating),Tier 2 General
A24 Group Ltd,Sutton,Surrey,Tier 2 (A rating),Intra Company Transfers (ICT)
A2B Aero Ltd,Shoreham By Sea,Surrey,Tier 2 (A rating),Tier 2 General
A2Z Technologies Ltd,Bristol,South Gloucestershire,Tier 2 (A rating),Tier 2 General
A2Z Trading and Investment Limited,Kidlington,South Gloucestershire,Tier 2 (A rating),Tier 2 General
A3D2 Ltd,London,South Gloucestershire,Tier 2 (A rating),Tier 2 General
AA & EVA LIMITED,London,South Gloucestershire,Tier 2 (A rating),Tier 2 General
AA Access Partnership Ltd,London,South Gloucestershire,Tier 2 (A rating),Tier 2 General
AA Automation Solutions,Manchester,Greater Manchester,Tier 2 (A rating),Tier 2 General
AA Medical Ltd,Leeds,West Yorkshire,Tier 2 (A rating),Tier 2 General
AA Plc,Basingstoke,Hampshire,Tier 2 (A rating),Tier 2 General
AA Technology Solutions Ltd,Redhill,Surrey,Tier 2 (A rating),Tier 2 General
AAAS Science International inc,Cambridge,Surrey,Tier 2 (A rating),Intra Company Transfers (ICT)
AAF-Ltd,Cramlington,Northumberland,Tier 2 (A rating),Tier 2 General
AAF-Ltd,Cramlington,Northumberland,Tier 2 (A rating),Intra Company Transfers (ICT)
Aagrah Group of Restaurants,Shipley,West Yorkshire,Tier 2 (A rating),Tier 2 General
Aagrah Restaurant,Doncaster,South Yorkshire,Tier 2 (A rating),Tier 2 General
AAGSJP Ltd,London,South Yorkshire,Tier 2 (A rating),Tier 2 General
AAK (UK) Ltd,Hull,South Yorkshire,Tier 2 (A rating),Tier 2 General
AAK International,Hull,South Yorkshire,Tier 2 (A rating),Tier 2 General
Aakash Odedra Ltd,Leicester,South Yorkshire,Tier 5 (A rating),Creative & Sporting
Aalto Capital LLP,London,South Yorkshire,Tier 2 (A rating),Tier 2 General
AAPV Ltd t/a India Red,Nuneaton,Warwickshire,Tier 2 (A rating),Tier 2 General
"AAR International, Inc.",London,Warwickshire,Tier 2 (A rating),Tier 2 General
"AAR International, Inc.",London,Warwickshire,Tier 2 (A rating),Intra Company Transfers (ICT)
Aardman Animations,Bristol,Warwickshire,Tier 5 (A rating),Creative & Sporting
Aardman Animations,Bristol,Warwickshire,Tier 2 (A rating),Tier 2 General
Aares Enterprise Ltd,London,England,Tier 2 (A rating),Tier 2 General
AArete UK Limited,London,England,Tier 2 (A rating),Tier 2 General
AArete UK Limited,London,England,Tier 2 (A rating),Intra Company Transfers (ICT)
Aarjay Heathcare Limited,Hemel Hempstead,England,Tier 2 (A rating),Tier 2 General
AARK TECH SOLUTIONS LTD,London,England,Tier 2 (A rating),Tier 2 General
AAROHI LIMITED,Slough,Berkshire,Tier 2 (A rating),Tier 2 General
Aaron Optometrists Ltd,Ashington,Northumberland,Tier 2 (A rating),Tier 2 General
AAS Vets Ltd,Gloucester,Northumberland,Tier 2 (A rating),Tier 2 General
Aashni and Co Limited,Notting Hill,London,Tier 2 (A rating),Tier 2 General
Aashni and Co Limited,Notting Hill,London,Tier 5 (A rating),Creative & Sporting
Aasonn Limited,London,London,Tier 2 (A rating),Tier 2 General
Aasonn Limited,London,London,Tier 2 (A rating),Intra Company Transfers (ICT)
AAVE LIMITED,London,London,Tier 2 (A rating),Tier 2 General
AB Agri Limited,Peterborough,London,Tier 2 (A rating),Tier 2 General
AB Agri Limited,Peterborough,London,Tier 2 (A rating),Intra Company Transfers (ICT)
AB Hotels,St Albans,Hertfordshire,Tier 2 (A rating),Tier 2 General
AB InBev UK Ltd,London,Hertfordshire,Tier 2 (A rating),Tier 2 General
AB InBev UK Ltd,London,Hertfordshire,Tier 2 (A rating),Intra Company Transfers (ICT)
Ab Initio Software Limited,Weybridge,Surrey,Tier 2 (A rating),Tier 2 General
AB Mackenzie Solicitors,London,Please select your State/Province/D,Tier 2 (A rating),Tier 2 General
AB Mauri (UK)Ltd,Peterborough,Cambs,Tier 2 (A rating),Tier 2 General
AB Mauri (UK)Ltd,Peterborough,Cambs,Tier 2 (A rating),Intra Company Transfers (ICT)
Ab Rogers Limited,London,Cambs,Tier 2 (A rating),Tier 2 General
Abaco Asset Management LLP,London,Cambs,Tier 2 (A rating),Tier 2 General
Abacus Information Technology UK Limited,London,Cambs,Tier 2 (A rating),Tier 2 General
Abacus Information Technology UK Limited,London,Cambs,Tier 2 (A rating),Intra Company Transfers (ICT)
Abacus Lease Investment Limited,Westcliff-on-sea,Essex,Tier 2 (A rating),Tier 2 General
ABACUS PARTNERS (LDN) LLP,London,Essex,Tier 2 (A rating),Tier 2 General
Abacus Software Limited,London,Essex,Tier 2 (A rating),Tier 2 General
ABACUSBIO INTERNATIONAL LIMITED,City Of Edinburgh,MIDLOTHIAN,Tier 2 (A rating),Tier 2 General
ABACUSBIO INTERNATIONAL LIMITED,City Of Edinburgh,MIDLOTHIAN,Tier 2 (A rating),Intra Company Transfers (ICT)
AbacusNext International Ltd,Edinburgh,MIDLOTHIAN,Tier 2 (A rating),Tier 2 General
AbacusNext International Ltd,Edinburgh,MIDLOTHIAN,Tier 2 (A rating),Intra Company Transfers (ICT)
ABALANE LTD t/a Centra Pharmacy,High Wycombe,Buckinghamshire,Tier 2 (A rating),Tier 2 General
Abax uk ltd,Peterborough,Cambs,Tier 2 (A rating),Tier 2 General
ABB Limited,Daresbury,Warrington,Tier 2 (A rating),Tier 2 General
ABB Limited,Daresbury,Warrington,Tier 2 (A rating),Intra Company Transfers (ICT)
ABB Power Grids UK Limited,Stone,Staffordshire,Tier 2 (A rating),Tier 2 General
ABB Power Grids UK Limited,Stone,Staffordshire,Tier 2 (A rating),Intra Company Transfers (ICT)
Abbas Media Law,London,Staffordshire,Tier 2 (A rating),Tier 2 General
Abberley Hall,Worcester,Worcestershire,Tier 5 (A rating),Voluntary Workers
Abbey & Co Associates Ltd,Bolton,Lancashire,Tier 2 (A rating),Tier 2 General
Abbey Healthcare (Cromwell) Ltd,Cambridge,Lancashire,Tier 2 (A rating),Tier 2 General
Abbey Healthcare (Hamilton) Ltd,Hamilton,Lancashire,Tier 2 (A rating),Tier 2 General
Abbey Meadows Primary School,Cambridge,Lancashire,Tier 2 (A rating),Tier 2 General
ABBEY MEDICAL PRACTICE,Wellingborough,Northamptonshire,Tier 2 (A rating),Tier 2 General
Abbeyfield Ballachulish Society Ltd,Ballachulish,Argyll,Tier 2 (A rating),Tier 2 General
Abbeyfield Primary Academy,Sheffield,Argyll,Tier 2 (A rating),Tier 2 General
Abbeyside Nursing Home Limited,Elgin,Moray,Tier 2 (A rating),Tier 2 General
Abbots Healthcare Ltd,Abbots Langley,Hertfordshire,Tier 2 (A rating),Tier 2 General
Abbotsford Care (Glenrothes) Ltd,Kirkcaldy,Fife,Tier 2 (A rating),Tier 2 General
Abbott Diabetes Care UK Limited,Witney,Oxon,Tier 2 (A rating),Tier 2 General
Abbott Diabetes Care UK Limited,Witney,Oxon,Tier 2 (A rating),Intra Company Transfers (ICT)
Abbott Laboratories Limited,Maidenhead,Berkshire,Tier 2 (A rating),Tier 2 General
Abbott Laboratories Limited,Maidenhead,Berkshire,Tier 2 (A rating),Intra Company Transfers (ICT)
Abbott Risk Consulting Ltd,Edinburgh,Berkshire,Tier 2 (A rating),Tier 2 General
Abbott Risk Consulting Ltd,Edinburgh,Berkshire,Tier 2 (A rating),Intra Company Transfers (ICT)
Abbott Toxicology Limited,Oxfordshire,Berkshire,Tier 2 (A rating),Tier 2 General
Abbott Toxicology Limited,Oxfordshire,Berkshire,Tier 2 (A rating),Intra Company Transfers (ICT)
Abbvie Limited,Maidenhead,Berkshire,Tier 2 (A rating),Tier 2 General
Abbvie Limited,Maidenhead,Berkshire,Tier 2 (A rating),Intra Company Transfers (ICT)
ABBVL Limited,London,Greater London,Tier 2 (A rating),Tier 2 General
ABC International Bank Plc,London,Greater London,Tier 2 (A rating),Tier 2 General
ABC International Bank Plc,London,Greater London,Tier 2 (A rating),Intra Company Transfers (ICT)
Abcam plc,Cambridge,Greater London,Tier 2 (A rating),Tier 2 General
Abcam plc,Cambridge,Greater London,Tier 2 (A rating),Intra Company Transfers (ICT)
ABCO Marine Ltd,Lisburn,Co. Antrim,Tier 2 (A rating),Tier 2 General
"ABeam Consulting Ltd., UK Branch",London,Co. Antrim,Tier 2 (A rating),Tier 2 General
"ABeam Consulting Ltd., UK Branch",London,Co. Antrim,Tier 2 (A rating),Intra Company Transfers (ICT)
Abel & Imray,London,Co. Antrim,Tier 2 (A rating),Tier 2 General
Abell Chemist Limited,Bushey,Hetfordshire,Tier 2 (A rating),Tier 2 General
Abellio London Ltd,London,Hetfordshire,Tier 2 (A rating),Tier 2 General
Abercorn School,London,Hetfordshire,Tier 2 (A rating),Tier 2 General
Abercrombie & Kent Limited,Cheltenham,Gloucestershire,Tier 2 (A rating),Tier 2 General
Aberdeen City Council,Aberdeen,Gloucestershire,Tier 2 (A rating),Tier 2 General
Aberdeen Drilling Management Limited,Aberdeen,Gloucestershire,Tier 2 (A rating),Tier 2 General
Aberdeen Drilling School,Aberdeen,Aberdeenshire,Tier 2 (A rating),Intra Company Transfers (ICT)
Aberdeen Drilling School,Aberdeen,Aberdeenshire,Tier 2 (A rating),Tier 2 General
Aberdeen Football Club,Aberdeen,Aberdeenshire,Tier 2 (A rating),Sport
Aberdeen Football Club,Aberdeen,Aberdeenshire,Tier 5 (A rating),Creative & Sporting
Aberdeen Hindu Temple Trust,Aberdeen,Aberdeenshire,Tier 5 (A rating),Religious Workers
ABERDEEN PERFORMING ARTS,Aberdeen,SCOTLAND,Tier 5 (A rating),Creative & Sporting
Aberdeenshire Council,Aberdeen,Scotland,Tier 2 (A rating),Tier 2 General
Aberdeenshire Cricket Club,Aberdeen,Scotland,Tier 5 (A rating),Creative & Sporting
Aberdour School Educational Trust,Tadworth,Surrey,Tier 2 (A rating),Tier 2 General
Abergavenny Visionplus Limited TA Abergavenny Specsavers Limited,Abergavenny,Wales,Tier 2 (A rating),Tier 2 General
Abernethy Trust Ltd,Killin,Perthshire,Tier 5 (A rating),Voluntary Workers
Abersoch Dental Care,Pwllheli,Gwynedd,Tier 2 (A rating),Tier 2 General
Abertay University,Dundee,Tayside,Tier 2 (A rating),Tier 2 General
Abertay University,Dundee,Tayside,Tier 5 (A rating),Exchange
Abertridwr Community Church,Caerphilly,Caerphilly,Tier 5 (A rating),Voluntary Workers
Aberystwyth University,Aberystwyth,Ceredigion,Tier 5 (A rating),Exchange
Aberystwyth University,Aberystwyth,Ceredigion,Tier 2 (A rating),Tier 2 General
ABF Ingredients Limited,Peterborough,Ceredigion,Tier 2 (A rating),Intra Company Transfers (ICT)
ABI Research UK Ltd,Wellingborough,Ceredigion,Tier 2 (A rating),Tier 2 General
ABICARE HEALTH SOLUTIONS LTD,Glasgow,Scotland,Tier 2 (A rating),Tier 2 General
Abide Financial Ltd,London,Scotland,Tier 2 (A rating),Tier 2 General
ABIKE ADE FOUNDATION,London,Scotland,Tier 5 (A rating),Creative & Sporting
Abingdon Nurseries Limited,Abingdon,Oxfordshire,Tier 2 (A rating),Tier 2 General
Abingdon School,Abingdon,Oxon,Tier 2 (A rating),Tier 2 General
Abingdon School,Abingdon,Oxon,Tier 5 (A rating),Voluntary Workers
Abingworth LLP,London,Oxon,Tier 2 (A rating),Tier 2 General
Abingworth LLP,London,Oxon,Tier 2 (A rating),Intra Company Transfers (ICT)
Abis Resources Limited,London,Oxon,Tier 2 (A rating),Tier 2 General
ABJ LTD,Hendon,LONDON,Tier 2 (A rating),Tier 2 General
ABL Software Limited,Petersfield,Hampshire,Tier 2 (A rating),Tier 2 General
ABLEGRANGE SEVERN HEIGHTS LTD,Worcester,Hampshire,Tier 2 (A rating),Tier 2 General
ABLT Group Limited,London,Hampshire,Tier 2 (A rating),Tier 2 General
Ably Real-Time Ltd,London,Hampshire,Tier 2 (A rating),Tier 2 General
ABM Academy,Oldham,Greater Manchester,Tier 2 (A rating),Tier 2 General
ABM GLOBAL COMPLIANCE (UK) LTD,London,Greater Manchester,Tier 2 (A rating),Tier 2 General
ABM SOLICITORS,Hayes,MIDDLESEX,Tier 2 (A rating),Tier 2 General
ABM Ventures Ltd,Tonbridge,Kent,Tier 2 (A rating),Tier 2 General
"ABN AMRO Bank N.V., UK Branch",London,Kent,Tier 2 (A rating),Tier 2 General
"ABN AMRO Bank N.V., UK Branch",London,Kent,Tier 2 (A rating),Intra Company Transfers (ICT)
ABO Wind Uk Ltd,Bellshill,Kent,Tier 2 (A rating),Tier 2 General
Abode Architecture Limited,Bury,Kent,Tier 2 (A rating),Tier 2 General
Abound Electronics Ltd,London,United Kingdom,Tier 2 (A rating),Tier 2 General
ABOVE & BEYOND CREATIVE LTD T/AS ABOVE + BEYOND,London,United Kingdom,Tier 2 (A rating),Tier 2 General
Above Bar Church,Southampton,Hampshire,Tier 5 (A rating),Religious Workers
Above Bar Church,Southampton,Hampshire,Tier 5 (A rating),Voluntary Workers
ABP (LONDON) INVESTMENT LTD,London,Hampshire,Tier 2 (A rating),Tier 2 General
ABP (LONDON) INVESTMENT LTD,London,Hampshire,Tier 2 (A rating),Intra Company Transfers (ICT)
ABP Doncaster,Doncaster,Hampshire,Tier 2 (A rating),Tier 2 General
ABP Eatwell,Knowsley,Merseyside,Tier 2 (A rating),Tier 2 General
ABP Langport,Langport,Somerset,Tier 2 (A rating),Tier 2 General
ABP RESTAURANT LTD t/a Henry Wong,Birmingham,BIRMINGHAM,Tier 2 (A rating),Tier 2 General
ABP Wessex,Northallerton,North Yorkshire,Tier 2 (A rating),Tier 2 General
ABP Yetminster,Yetminster,Dorset,Tier 2 (A rating),Tier 2 General
ABPI,London,Dorset,Tier 2 (A rating),Tier 2 General
ABQ Investment UK Limited,Bournemouth,Dorset,Tier 2 (A rating),Tier 2 General
ABRAHAM AND ASSOCIATES,Southend On Sea,Dorset,Tier 2 (A rating),Tier 2 General
Abrashem Limited,Birmingham,Dorset,Tier 2 (A rating),Tier 2 General
Abraxys Ltd,London,London,Tier 2 (A rating),Tier 2 General
ABS Europe Limited,London,London,Tier 2 (A rating),Tier 2 General
ABS Europe Limited,London,London,Tier 2 (A rating),Intra Company Transfers (ICT)
ABSA Securities United Kingdom Limited,London,London,Tier 2 (A rating),Tier 2 General
ABSA Securities United Kingdom Limited,London,London,Tier 2 (A rating),Intra Company Transfers (ICT)
ABSCapCo (UK) Limited,London,London,Tier 2 (A rating),Tier 2 General
ABS-CBN Europe Ltd,London,London,Tier 2 (A rating),Tier 2 General
ABS-CBN Europe Ltd,London,London,Tier 2 (A rating),Intra Company Transfers (ICT)
Absoft Limited,Aberdeen,London,Tier 2 (A rating),Tier 2 General
Absolutdata Analytics UK Limited,Harpenden,Hertforshire,Tier 2 (A rating),Tier 2 General
Absolutdata Analytics UK Limited,Harpenden,Hertforshire,Tier 2 (A rating),Intra Company Transfers (ICT)
Absolute Antibody Limited,Redcar,Cleveland,Tier 2 (A rating),Tier 2 General
Absolute Digital Media Limited,Chelmsford,Essex,Tier 2 (A rating),Tier 2 General
Absolute FM LLP,London,Essex,Tier 2 (A rating),Tier 2 General
Absolute Investment Partners,London,Essex,Tier 2 (A rating),Tier 2 General
ABSOLUTE RISK TECHNOLOGY LIMITED,Nottingham,Essex,Tier 2 (A rating),Tier 2 General
Absolute Software EMEA Limited,London,Essex,Tier 2 (A rating),Intra Company Transfers (ICT)
Absolute Strategy Research Limited,London,Essex,Tier 2 (A rating),Tier 2 General
Absolutely Cultured Ltd.,Hull,East Riding of Yorkshire,Tier 5 (A rating),Creative & Sporting
ABSOLUTELY NO NONSENSE ADMIN LTD,Cardiff,East Riding of Yorkshire,Tier 2 (A rating),Tier 2 General
Abstract Inc Limited,London,East Riding of Yorkshire,Tier 2 (A rating),Tier 2 General
Absynth Biologics Limited,Alderley Edge,Cheshire,Tier 2 (A rating),Tier 2 General
Abt Britain Limited,London,Cheshire,Tier 2 (A rating),Tier 2 General
Abt Britain Limited,London,Cheshire,Tier 2 (A rating),Intra Company Transfers (ICT)
Abu Zahra Foundation,West Yorkshire,Cheshire,Tier 2 (A rating),Tier 2 General
Abundant Life Christian Centre,Londonderry,Cheshire,Tier 2 (A rating),Religious Workers
Abundant Life Christian Centre,Londonderry,Cheshire,Tier 5 (A rating),Religious Workers
AC and JA Brodie,Dorking,Surrey,Tier 5 (A rating),Creative & Sporting
AC Gilead Solicitors,London,Surrey,Tier 2 (A rating),Tier 2 General
AC Jade Trading Ltd,Surrey,Surrey,Tier 2 (A rating),Tier 2 General
ACA Compliance (Europe) Limited,London,Surrey,Tier 2 (A rating),Tier 2 General
ACA Compliance (Europe) Limited,London,Surrey,Tier 2 (A rating),Intra Company Transfers (ICT)
Academies Enterprise Trust,London,Surrey,Tier 2 (A rating),Tier 2 General
Academies of Inspiration,Carshalton,Surrey,Tier 2 (A rating),Tier 2 General
Academy Films Ltd,London,Surrey,Tier 5 (A rating),Creative & Sporting
Academy Music Group,London,Surrey,Tier 2 (A rating),Tier 2 General
Academy Music Group,London,Surrey,Tier 5 (A rating),Creative & Sporting
Academy of Medical Royal Colleges,London,Surrey,Tier 5 (A rating),Exchange
Academy of Motion Picture Arts and Sciences,London,Surrey,Tier 2 (A rating),Tier 2 General
Academy of Motion Picture Arts and Sciences,London,Surrey,Tier 2 (A rating),Intra Company Transfers (ICT)
Academy of Motion Picture Arts and Sciences,London,Surrey,Tier 5 (A rating),Creative & Sporting
Academy of the Annunciation,Buckfastleigh,Devon,Tier 2 (A rating),Tier 2 General
Academy Transformation Trust,Sutton Coldfield,Devon,Tier 2 (A rating),Tier 2 General
Acadian Asset Management (UK) Limited,London,United Kingdom,Tier 2 (A rating),Tier 2 General
Acadian Asset Management (UK) Limited,London,United Kingdom,Tier 2 (A rating),Intra Company Transfers (ICT)
Acal BFI UK Ltd,Wokingham,Berkshire,Tier 2 (A rating),Tier 2 General
ACAMS (UK) Ltd,London,Berkshire,Tier 2 (A rating),Tier 2 General
ACAMS (UK) Ltd,London,Berkshire,Tier 2 (A rating),Intra Company Transfers (ICT)
Acap Advisory Ltd,London,Berkshire,Tier 2 (A rating),Tier 2 General
ACAS Traders Ltd,London,Berkshire,Tier 2 (A rating),Tier 2 General
Acast Stories Limited,London,Berkshire,Tier 2 (A rating),Tier 2 General
Accedo UK Limited,London,Berkshire,Tier 2 (A rating),Tier 2 General
Accedo UK Limited,London,Berkshire,Tier 2 (A rating),Intra Company Transfers (ICT)
Accel Partners Management LLP,London,Berkshire,Tier 2 (A rating),Tier 2 General
Acceleration eMarketing,London,Berkshire,Tier 2 (A rating),Tier 2 General
Acceleration eMarketing,London,Berkshire,Tier 2 (A rating),Intra Company Transfers (ICT)
Accelercomm Limited,Southampton,Hampshire,Tier 2 (A rating),Tier 2 General
Accelya UK Limited,Camberley,Surrey,Tier 2 (A rating),Tier 2 General
Accelya UK Limited,Camberley,Surrey,Tier 2 (A rating),Intra Company Transfers (ICT)
"ACCENT International Consortium for Academic Programs Abroad, Ltd.",London,Surrey,Tier 2 (A rating),Intra Company Transfers (ICT)
Accentra Technologies Ltd,London,Surrey,Tier 2 (A rating),Tier 2 General
Accentra Technologies Ltd,London,Surrey,Tier 2 (A rating),Intra Company Transfers (ICT)
Accenture (UK) Limited,London,Surrey,Tier 2 (A rating),Tier 2 General
Accenture (UK) Limited,London,Surrey,Tier 2 (A rating),Intra Company Transfers (ICT)
Access All Areas,Shrewsbury,Shropshire,Tier 5 (A rating),Creative & Sporting
Access Associates Ltd,Cheltenham,Shropshire,Tier 2 (A rating),Tier 2 General
Access Building Contractors Ltd.,London,Shropshire,Tier 2 (A rating),Tier 2 General
Access College London,London,Shropshire,Tier 2 (B rating),Tier 2 General
Access College London,London,Shropshire,Tier 2 (A rating),Tier 2 General
Access Fintech (UK) Limited,London,Shropshire,Tier 2 (A rating),Tier 2 General
Access Fintech (UK) Limited,London,Shropshire,Tier 2 (A rating),Intra Company Transfers (ICT)
Access Industries (UK) Limited,London,Shropshire,Tier 2 (A rating),Tier 2 General
Access Industries (UK) Limited,London,Shropshire,Tier 2 (A rating),Intra Company Transfers (ICT)
ACCESS INFINITY LTD,London,Shropshire,Tier 2 (A rating),Tier 2 General
Access Intelligence PLC,London,Shropshire,Tier 2 (A rating),Tier 2 General
Access Self Storage Ltd,London,Shropshire,Tier 2 (A rating),Tier 2 General
Access UK Limited,Colchester,Essex,Tier 2 (A rating),Tier 2 General
Access UK Limited,Colchester,Essex,Tier 2 (A rating),Intra Company Transfers (ICT)
AccessData UK Limited,Bristol,Essex,Tier 2 (A rating),Tier 2 General
AccessData UK Limited,Bristol,Essex,Tier 2 (A rating),Intra Company Transfers (ICT)
accessplanit Ltd,Lancaster,Lancashire,Tier 2 (A rating),Tier 2 General
Accipio Limited,London,London,Tier 2 (A rating),Tier 2 General
Acciva Techno Soft Limited,Sidcup,Kent,Tier 2 (A rating),Tier 2 General
Acclimatise Group Ltd,"Farnsfield, Near Newark",Nottinghamshire,Tier 2 (A rating),Tier 2 General
ACCO UK LTD,Aylesbury,BUCKINGHAMSHIRE,Tier 2 (A rating),Intra Company Transfers (ICT)
Accolade Wines Limited,Bristol,BUCKINGHAMSHIRE,Tier 2 (A rating),Tier 2 General
Accolade Wines Limited,Bristol,BUCKINGHAMSHIRE,Tier 2 (A rating),Intra Company Transfers (ICT)
Accolite Labs Europe Limited,London,BUCKINGHAMSHIRE,Tier 2 (A rating),Tier 2 General
Accolite Labs Europe Limited,London,BUCKINGHAMSHIRE,Tier 2 (A rating),Intra Company Transfers (ICT)
Accor HotelServices UK Ltd,London,BUCKINGHAMSHIRE,Tier 2 (A rating),Tier 2 General
Accor HotelServices UK Ltd,London,BUCKINGHAMSHIRE,Tier 2 (A rating),Intra Company Transfers (ICT)
Accor UK Limited,London,BUCKINGHAMSHIRE,Tier 2 (A rating),Intra Company Transfers (ICT)
Accor UK Limited,London,BUCKINGHAMSHIRE,Tier 2 (A rating),Tier 2 General
ACCORD GLOBAL TECHNOLOGY SOLUTIONS PRIVATE LIMITED,Cambridge,CAMBRIDGESHIRE,Tier 2 (A rating),Intra Company Transfers (ICT)
Accord Healthcare Limited,North Harrow,Middlesex,Tier 2 (A rating),Intra Company Transfers (ICT)
Accord Healthcare Limited,North Harrow,Middlesex,Tier 2 (A rating),Tier 2 General
Accord Software and Systems Private Limited,Cambridge,Cambridgeshire,Tier 2 (A rating),Intra Company Transfers (ICT)
Accountagility Limited,London,Cambridgeshire,Tier 2 (A rating),Tier 2 General
Accountancy and Taxation Services,London,Cambridgeshire,Tier 2 (A rating),Tier 2 General
Accountancy Global Services Ltd t/a Acumen Plus,Luton,UK,Tier 2 (A rating),Tier 2 General
Accountax World Ltd T/A Accounts and Tax World,London,UK,Tier 2 (A rating),Tier 2 General
Accounting Freedom,London,UK,Tier 2 (A rating),Tier 2 General
ACCOUNTING SQUARE LIMITED,London,UK,Tier 2 (A rating),Tier 2 General
ACCOUNTS AND LEGAL CONSULTANTS LTD,London,UK,Tier 2 (A rating),Tier 2 General
Accrington Cricket & Tennis Club,Accrington,Lancashire,Tier 5 (A rating),Creative & Sporting
Accu Technology UK Ltd,Oxford,Lancashire,Tier 2 (A rating),Intra Company Transfers (ICT)
Acculabs Diagnostics UK Ltd,Billingham,Teesside,Tier 2 (A rating),Tier 2 General
Acculegal Solicitors,London,Teesside,Tier 2 (A rating),Tier 2 General
Accuracy UK Ltd,London,Teesside,Tier 2 (A rating),Tier 2 General
AccuRx Limited,London,Teesside,Tier 2 (A rating),Tier 2 General
Accuver EMEA Ltd.,Watford,Teesside,Tier 2 (A rating),Intra Company Transfers (ICT)
Accuver EMEA Ltd.,Watford,Teesside,Tier 2 (A rating),Tier 2 General
ACE & Company UK Limited,London,Teesside,Tier 2 (A rating),Tier 2 General
ACE Group International Limited,London,Teesside,Tier 2 (A rating),Tier 2 General
ACE Hotels Trading Ltd,London,Teesside,Tier 2 (A rating),Tier 2 General
Ace Medical Partnership,Birmingham,West Midlands,Tier 2 (A rating),Tier 2 General
Ace Pro Services Ltd,London,West Midlands,Tier 2 (A rating),Tier 2 General
Ace Software Solutions Ltd,London,London,Tier 2 (A rating),Tier 2 General
Ace Technologies Limited,"Newbury Park, Illford",London,Tier 2 (A rating),Tier 2 General
ACEAXIS LIMITED,Swindon,Wiltshire,Tier 2 (A rating),Tier 2 General
ACEAXIS LIMITED,Swindon,Wiltshire,Tier 2 (A rating),Intra Company Transfers (ICT)
Acensys Ltd,London,Wiltshire,Tier 2 (A rating),Tier 2 General
ACER International Limited,London,Wiltshire,Tier 2 (A rating),Tier 2 General
ACER International Limited,London,Wiltshire,Tier 2 (A rating),Intra Company Transfers (ICT)
Acer UK Limited,West Drayton,Middlesex,Tier 2 (A rating),Tier 2 General
Acer UK Limited,West Drayton,Middlesex,Tier 2 (A rating),Intra Company Transfers (ICT)
ACES ACCOUNTANCY SERVICES LIMITED T/A TAXASSIST ACCOUNTANTS,Hornchurch,Essex,Tier 2 (A rating),Tier 2 General
Aceso Global Health Consultants Limited,Greater London,Essex,Tier 2 (A rating),Tier 2 General
Acetop Financial Limited,London,Essex,Tier 2 (A rating),Tier 2 General
Acetop Financial Limited,London,Essex,Tier 2 (A rating),Intra Company Transfers (ICT)
Aceville Publications Limited,Colchester,Essex,Tier 2 (A rating),Tier 2 General
ACG Europe Ltd,Corby,Essex,Tier 2 (A rating),Tier 2 General
ACG Europe Ltd,Corby,Essex,Tier 2 (A rating),Intra Company Transfers (ICT)
ACHERON CAPITAL LIMITED,London,Essex,Tier 2 (A rating),Tier 2 General
Achieve Teachers Ltd,Barnet,London,Tier 2 (A rating),Tier 2 General
Achievement for All Education Trust Limited,Newbury,Berkshire,Tier 2 (A rating),Tier 2 General
Achilles Group Limited,Abindgon,Berkshire,Tier 2 (A rating),Tier 2 General
Achilles Group Limited,Abindgon,Berkshire,Tier 2 (A rating),Intra Company Transfers (ICT)
Achilles Therapeutics Limited,Stevenage,Hertfordshire,Tier 2 (A rating),Tier 2 General
Aci Express (UK) Ltd,Heston,Middlesex,Tier 2 (A rating),Tier 2 General
ACI Group Ltd,Slough,Berkshire,Tier 2 (A rating),Tier 2 General
ACI Worldwide (EMEA) Limited,Watford,Hertfordshire,Tier 2 (A rating),Tier 2 General
ACI Worldwide (EMEA) Limited,Watford,Hertfordshire,Tier 2 (A rating),Intra Company Transfers (ICT)
Acin Limited,Farnborough,Hertfordshire,Tier 2 (A rating),Tier 2 General
Ackroyd House Limited,Rotherham,Hertfordshire,Tier 2 (A rating),Tier 2 General
Ackworth School,Pontefract,West Yorkshire,Tier 2 (A rating),Tier 2 General
Ackworth School,Pontefract,West Yorkshire,Tier 5 (A rating),Voluntary Workers
ACLAS Technics Limited,Livingston,West Yorkshire,Tier 2 (A rating),Tier 2 General
ACME LTD,London,West Yorkshire,Tier 2 (A rating),Tier 2 General
Acme People Limited,London,West Yorkshire,Tier 2 (A rating),Tier 2 General
Acme Vape Ltd.,Preston,Lancashire,Tier 2 (A rating),Tier 2 General
ACN ACCOUNTANTS,London,UK,Tier 2 (A rating),Tier 2 General
ACNielsen Company Limited,Oxford,Oxfordshire,Tier 2 (A rating),Intra Company Transfers (ICT)
ACNielsen Company Limited,Oxford,Oxfordshire,Tier 2 (A rating),Tier 2 General
A-Cold-Wall* Limited,London,Oxfordshire,Tier 2 (A rating),Tier 2 General
Acomb Cricket Club,York,North Yorkshire,Tier 5 (A rating),Creative & Sporting
Aconite Technology Limited,London,North Yorkshire,Tier 2 (A rating),Tier 2 General
a-connect solution (UK) limited,London,North Yorkshire,Tier 2 (A rating),Tier 2 General
Acorn Aspirations Limited,"Southampton, England",North Yorkshire,Tier 2 (A rating),Tier 2 General
Acorn Education Trust,Warminster,Wiltshire,Tier 2 (A rating),Tier 2 General
Acorn Health Care Limited,East Grinstead,West Sussex,Tier 2 (A rating),Tier 2 General
Acorn Health Partnership,Hampshire,West Sussex,Tier 2 (A rating),Tier 2 General
Acorn Insurance and Financial Services Limited,Liverpool,Merseyside,Tier 2 (A rating),Tier 2 General
Acorn Insurance and Financial Services Limited,Liverpool,Merseyside,Tier 2 (A rating),Intra Company Transfers (ICT)
Acorn IT Systems Ltd,Reading,Berkshire,Tier 2 (A rating),Tier 2 General
Acorn Lodge (bournemouth) LTD,Bournemouth,Dorset,Tier 2 (A rating),Tier 2 General
Acorn Lodge Care Home,London,Dorset,Tier 2 (A rating),Tier 2 General
Acorn Maintenance Engineering,Slough,Berks,Tier 2 (A rating),Tier 2 General
Acorn Mobility Services Limited,Steeton,West Yorkshire,Tier 2 (A rating),Tier 2 General
Acoustic & Engineering Consultants Limited,Manchester,West Yorkshire,Tier 2 (A rating),Tier 2 General
Acoustiguide Limited,London,West Yorkshire,Tier 2 (A rating),Intra Company Transfers (ICT)
Acquia Ltd,Reading,West Yorkshire,Tier 2 (A rating),Tier 2 General
Acquia Ltd,Reading,West Yorkshire,Tier 2 (A rating),Intra Company Transfers (ICT)
Acquire Performance Marketing,London,West Yorkshire,Tier 2 (A rating),Tier 2 General
Acquis Consulting UK Limited,London,West Yorkshire,Tier 2 (A rating),Tier 2 General
Acquis Consulting UK Limited,London,West Yorkshire,Tier 2 (A rating),Intra Company Transfers (ICT)
Acre Platforms Limited,London,West Yorkshire,Tier 2 (A rating),Tier 2 General
Acre Resources Ltd,London,West Yorkshire,Tier 2 (A rating),Tier 2 General
acrinax Ltd,London,West Yorkshire,Tier 2 (A rating),Tier 2 General
Acro Aircraft Seating Limited,Crawley,West Sussex,Tier 2 (A rating),Tier 2 General
Acro Aircraft Seating Limited,Crawley,West Sussex,Tier 2 (A rating),Intra Company Transfers (ICT)
Across the Pond - Study in Britain Limited,Crookham Village,West Sussex,Tier 2 (A rating),Tier 2 General
Across the Pond Productions Limited,London,West Sussex,Tier 2 (A rating),Tier 2 General
Acrotrend Solutions Limited,London,United Kingdom,Tier 2 (A rating),Tier 2 General
Acrylicize Ltd,Lodnon,London,Tier 2 (A rating),Tier 2 General
ACS Aviation Ltd,Scone,Perthshire,Tier 2 (A rating),Tier 2 General
ACS COMMUNITY PROJECTS (ACS UK) LTD,"Dagenham Heathway, Essex",Perthshire,Tier 2 (A rating),Tier 2 General
ACS International Schools Limited,Cobham,Surrey,Tier 2 (A rating),Tier 2 General
ACS International,Nottingham,Surrey,Tier 2 (A rating),Tier 2 General
ACS Professionals in Construction Ltd,Wembley,Middlesex,Tier 2 (A rating),Tier 2 General
ACT London Limited,London,Middlesex,Tier 2 (A rating),Tier 2 General
Actant Ltd,London,Middlesex,Tier 2 (A rating),Tier 2 General
Actavo (P.D.C.) Limited,Chepstow,Monmouthshire,Tier 2 (A rating),Tier 2 General
Actelligent (U.K.) Company Limited,London,Monmouthshire,Tier 2 (A rating),Tier 2 General
Actemium UK Ltd,Birmingham,Monmouthshire,Tier 2 (A rating),Tier 2 General
Acteon Group Limited,Norwich,Norfolk,Tier 2 (A rating),Tier 2 General
Acteon Group Limited,Norwich,Norfolk,Tier 2 (A rating),Intra Company Transfers (ICT)
ACTI LABORATORIES LTD,Andover,HAMPSHIRE,Tier 2 (A rating),Tier 2 General
Actifio UK Limited,London,HAMPSHIRE,Tier 2 (A rating),Tier 2 General
Actifio UK Limited,London,HAMPSHIRE,Tier 2 (A rating),Intra Company Transfers (ICT)
Actimize UK Limited,London,HAMPSHIRE,Tier 2 (A rating),Tier 2 General
Actimize UK Limited,London,HAMPSHIRE,Tier 2 (A rating),Intra Company Transfers (ICT)
Action 365 Ltd,Cheadle Hulme,Cheshire,Tier 2 (A rating),Tier 2 General
Action Aid,London,Cheshire,Tier 2 (A rating),Tier 2 General
Action Aid,London,Cheshire,Tier 2 (A rating),Intra Company Transfers (ICT)
Action Artificial Intelligence Limited,Brighton,Cheshire,Tier 2 (A rating),Tier 2 General
Action for Children,Watford,Cheshire,Tier 2 (A rating),Tier 2 General
Action for Dolphins,London,Cheshire,Tier 2 (A rating),Tier 2 General
Action for Social Inclusion Partnership (ASIP),Enfield,London,Tier 5 (A rating),Voluntary Workers
Action Reconciliation Service for Peace,Sidmouth,Devon,Tier 5 (A rating),Voluntary Workers
Action Sustainability,London,Devon,Tier 2 (A rating),Tier 2 General
Action Transport Theatre,Ellesmere Port,Devon,Tier 5 (A rating),Creative & Sporting
ACTIONBROOK SERVICES LTD,South Woodham Ferrers,ESSEX,Tier 2 (A rating),Tier 2 General
Actis LLP,London,ESSEX,Tier 2 (A rating),Tier 2 General
Actis LLP,London,ESSEX,Tier 2 (A rating),Intra Company Transfers (ICT)
Activ Social Enterprise Limited,London,ESSEX,Tier 2 (A rating),Tier 2 General
Active Assistance,Sevenoaks,Kent,Tier 2 (A rating),Tier 2 General
Active Care,Ayr,Ayrshire,Tier 2 (A rating),Tier 2 General
ACTIVE INTERNATIONAL LTD,London,Ayrshire,Tier 2 (A rating),Tier 2 General
Active Pet,Coleshill,Amersham,Tier 2 (A rating),Tier 2 General
Active Remedial Solutions Ltd,Leicester,Amersham,Tier 2 (A rating),Tier 2 General
Active Securities Ltd,London,Amersham,Tier 2 (A rating),Tier 2 General
ACTIVE SILICON LIMITED,Iver Heath,BUCKINGHAMSHIRE,Tier 2 (A rating),Tier 2 General
Active Webdezign Ltd,London,BUCKINGHAMSHIRE,Tier 2 (A rating),Tier 2 General
ActiveDocs UK Limited,London,BUCKINGHAMSHIRE,Tier 2 (A rating),Tier 2 General
ActiveDocs UK Limited,London,BUCKINGHAMSHIRE,Tier 2 (A rating),Intra Company Transfers (ICT)
ActiveIS Limited,London,BUCKINGHAMSHIRE,Tier 2 (A rating),Tier 2 General
ActiveOps Ltd,Reading,Berkshire,Tier 2 (A rating),Tier 2 General
ActiveOps Ltd,Reading,Berkshire,Tier 2 (A rating),Intra Company Transfers (ICT)
Active,Dalry,Berkshire,Tier 5 (A rating),Creative & Sporting
ActiveViam Ltd,London,Berkshire,Tier 2 (A rating),Tier 2 General
ActiveViam Ltd,London,Berkshire,Tier 2 (A rating),Intra Company Transfers (ICT)
"Activision Europe, Limited",Birmingham,Berkshire,Tier 2 (A rating),Tier 2 General
"Activision Europe, Limited",Birmingham,Berkshire,Tier 2 (A rating),Intra Company Transfers (ICT)
ACTIVTRADES,London,Berkshire,Tier 2 (A rating),Tier 2 General
Activus Limited,Bristol,Berkshire,Tier 2 (A rating),Tier 2 General
Acton Community Forum,Acton,Greater London,Tier 2 (A rating),Tier 2 General
Acton Finishing Limited,Coventry,Greater London,Tier 2 (A rating),Tier 2 General
Acton Muslim Welfare Association,London,Greater London,Tier 5 (A rating),Religious Workers
Acton Muslim Welfare Association,London,Greater London,Tier 2 (A rating),Religious Workers
ACTS COMMUNITY CHURCH,Tylorstown,RHONDDA CYNON TAFF,Tier 5 (A rating),Voluntary Workers
Acts London,London,RHONDDA CYNON TAFF,Tier 2 (A rating),Religious Workers
Actual Experience Plc,Bath,RHONDDA CYNON TAFF,Tier 2 (A rating),Tier 2 General
Acturis Ltd,London,RHONDDA CYNON TAFF,Tier 2 (A rating),Tier 2 General
Acuiti Labs Limited,London,RHONDDA CYNON TAFF,Tier 2 (A rating),Tier 2 General
Acuiti Labs Limited,London,RHONDDA CYNON TAFF,Tier 2 (A rating),Intra Company Transfers (ICT)
ACUITY KNOWLEDGE PARTNERS (UK) LIMITED,London,RHONDDA CYNON TAFF,Tier 2 (A rating),Intra Company Transfers (ICT)
ACUITY KNOWLEDGE PARTNERS (UK) LIMITED,London,RHONDDA CYNON TAFF,Tier 2 (A rating),Tier 2 General
Acuity Solutions Limited,Walton On Thames,Surrey,Tier 2 (A rating),Tier 2 General
Acuma Solutions Limited,Stockport,Surrey,Tier 2 (A rating),Tier 2 General
Acuma Solutions Limited,Stockport,Surrey,Tier 2 (A rating),Intra Company Transfers (ICT)
Acumed Ltd,Andover,Hampshire,Tier 2 (A rating),Tier 2 General
Acumen Commercial Insights LTD,Richmond Upon Thames,Surrey,Tier 2 (A rating),Tier 2 General
Acumen Inc,London,Surrey,Tier 2 (A rating),Tier 2 General
Acumen Inc,London,Surrey,Tier 2 (A rating),Intra Company Transfers (ICT)
Acumen Insights Ltd,Luton,Surrey,Tier 2 (A rating),Tier 2 General
Acumen Solutions UK Limited,London,Surrey,Tier 2 (A rating),Tier 2 General
Acumen Solutions UK Limited,London,Surrey,Tier 2 (A rating),Intra Company Transfers (ICT)
ACUPAY SYSTEM LLC,London,Surrey,Tier 2 (A rating),Tier 2 General
ACUPAY SYSTEM LLC,London,Surrey,Tier 2 (A rating),Intra Company Transfers (ICT)
Acurable Ltd,London,Please select,Tier 2 (A rating),Tier 2 General
Acute Art Limited,Horsforth,Leeds,Tier 2 (A rating),Tier 2 General
Acuutech Limited,"Loughton,",Essex,Tier 2 (A rating),Tier 2 General
Acuvate Software Ltd,Slough,Berkshire,Tier 2 (A rating),Tier 2 General
Acuvate Software Ltd,Slough,Berkshire,Tier 2 (A rating),Intra Company Transfers (ICT)
Acxel Tech Limited,Cambridge,Berkshire,Tier 2 (A rating),Tier 2 General
Acxiom Limited,London,Berkshire,Tier 2 (A rating),Tier 2 General
Acxiom Limited,London,Berkshire,Tier 2 (A rating),Intra Company Transfers (ICT)
Ad Dynamo UK,Chancery Lane,United Kingdom,Tier 2 (A rating),Intra Company Transfers (ICT)
Ad Systems UK Ltd,Blackpool,United Kingdom,Tier 2 (A rating),Tier 2 General
AD Technologies Ltd,Reading,United Kingdom,Tier 2 (A rating),Tier 2 General
Ada Associates UK Ltd,Edmonton,London,Tier 2 (A rating),Tier 2 General
Ada Digital Health Ltd,London,London,Tier 2 (A rating),Tier 2 General
Ada Digital Health Ltd,London,London,Tier 2 (A rating),Intra Company Transfers (ICT)
ADAM Architecture Ltd,Winchester,Hampshire,Tier 2 (A rating),Tier 2 General
ADAM Asset Management Limited,London,Hampshire,Tier 2 (A rating),Tier 2 General
Adam Bernard Solicitors,London,Hampshire,Tier 2 (A rating),Tier 2 General
Adam Smith International Limited,London,Hampshire,Tier 2 (A rating),Tier 2 General
Adam Smith International Limited,London,Hampshire,Tier 2 (A rating),Intra Company Transfers (ICT)
Adam Spiegel Productions Ltd,London,Hampshire,Tier 5 (A rating),Creative & Sporting
Adams & Moore Limited,Dartford,Kent,Tier 2 (A rating),Tier 2 General
ADAMS CARE LTD,Chingford,Kent,Tier 2 (A rating),Tier 2 General
Adams Gold Limited,London,Kent,Tier 2 (A rating),Tier 2 General
Adams' Grammar School,Newport,Shropshire,Tier 5 (A rating),Voluntary Workers
Adamson Associates (International) Ltd,London,London,Tier 2 (A rating),Tier 2 General
Adamson Associates (International) Ltd,London,London,Tier 2 (A rating),Intra Company Transfers (ICT)
Adani Global Pte Ltd,London,London,Tier 2 (A rating),Intra Company Transfers (ICT)
Adaptimmune Limited,Abingdon,Oxfordshire,Tier 2 (A rating),Tier 2 General
Adaptive Financial Consulting Ltd,London,England,Tier 2 (A rating),Tier 2 General
Adaptix Ltd,Oxford,England,Tier 2 (A rating),Tier 2 General
Adaptly UK Limited,London,England,Tier 2 (A rating),Tier 2 General
Adaptly UK Limited,London,England,Tier 2 (A rating),Intra Company Transfers (ICT)
ADARA Media UK,London,England,Tier 2 (A rating),Intra Company Transfers (ICT)
Adarga Limited,London,England,Tier 2 (A rating),Tier 2 General
Adarma Limited,Edinburgh,England,Tier 2 (A rating),Tier 2 General
Adbell International Limited,London,England,Tier 2 (A rating),Tier 2 General
Adcolony UK Limited,London,England,Tier 2 (A rating),Tier 2 General
Adcolony UK Limited,London,England,Tier 2 (A rating),Intra Company Transfers (ICT)
ADD International (Action on Disability and Development),Frome,Somerset,Tier 2 (A rating),Tier 2 General
ADD International (Action on Disability and Development),Frome,Somerset,Tier 2 (A rating),Intra Company Transfers (ICT)
Add Latent Ltd,Aberdeen,Somerset,Tier 2 (A rating),Tier 2 General
Add Latent Ltd,Aberdeen,Somerset,Tier 2 (A rating),Intra Company Transfers (ICT)
Addax Petroleum UK Limited,Aberdeen,Scotland,Tier 2 (A rating),Tier 2 General
Addax Petroleum UK Limited,Aberdeen,Scotland,Tier 2 (A rating),Intra Company Transfers (ICT)
ADDED DIMENSION EVENTS LTD,London,Scotland,Tier 2 (A rating),Tier 2 General
Added Scientific Limited,Nottingham,Scotland,Tier 2 (A rating),Tier 2 General
Added Value Applications Ltd,Henley On Thames,Oxfordshire,Tier 2 (A rating),Tier 2 General
Addington Captial LLP,London,Oxfordshire,Tier 2 (A rating),Tier 2 General
Addison and Khan Solicitors London Limited,Essex,Oxfordshire,Tier 2 (A rating),Tier 2 General
ADDISON BRADLEY & CO. LIMITED,London,Oxfordshire,Tier 2 (A rating),Tier 2 General
ADDISON LEE SERVICES LIMITED,London,Oxfordshire,Tier 2 (A rating),Tier 2 General
Additive Industries UK & Ireland Ltd.,Bristol,Oxfordshire,Tier 2 (A rating),Tier 2 General
Addland Limited,London,London,Tier 2 (A rating),Tier 2 General
Addleshaw Goddard LLP,London,London,Tier 2 (A rating),Tier 2 General
Addleshaw Goddard LLP,London,London,Tier 2 (A rating),Intra Company Transfers (ICT)
Address Intelligence Technologies Limited,London,London,Tier 2 (A rating),Tier 2 General
Adea Ltd  T/A  The Sichuan,London,London,Tier 2 (A rating),Tier 2 General
Adecco UK Limited,London,London,Tier 2 (A rating),Tier 2 General
Adecco UK Limited,London,London,Tier 2 (A rating),Intra Company Transfers (ICT)
Adelaide Nursing Home Ltd,Brighton,East Sussex,Tier 2 (A rating),Tier 2 General
ADELANTA CONSULTING LTD,London,East Sussex,Tier 2 (A rating),Tier 2 General
Adelante Software Ltd,Maidenhead,Berkshire,Tier 2 (A rating),Tier 2 General
Adelie Food Group Ltd,Heathrow,Berkshire,Tier 2 (A rating),Tier 2 General
Adelie Food Group Ltd,Heathrow,Berkshire,Tier 2 (A rating),Intra Company Transfers (ICT)
Adelphi Automation Ltd,Bredbury,Cheshire,Tier 2 (A rating),Tier 2 General
Ademco 1 Limited,Bracknell,Cheshire,Tier 2 (A rating),Tier 2 General
Ademco 1 Limited,Bracknell,Cheshire,Tier 2 (A rating),Intra Company Transfers (ICT)
Adept Contracts Ltd,London,Cheshire,Tier 2 (A rating),Tier 2 General
Adept Management Ltd,Coventry,Cheshire,Tier 2 (A rating),Tier 2 General
Adeptica Ltd,London,Cheshire,Tier 2 (A rating),Tier 2 General
Adequita Capital Limited,London,Cheshire,Tier 2 (A rating),Tier 2 General
Aderant Legal (UK) Limited,London,Cheshire,Tier 2 (A rating),Tier 2 General
Aderant Legal (UK) Limited,London,Cheshire,Tier 2 (A rating),Intra Company Transfers (ICT)
Ades Ltd,London,Cheshire,Tier 2 (A rating),Tier 2 General
ADESA Remarketing Limited,Chester,Cheshire,Tier 2 (A rating),Intra Company Transfers (ICT)
ADETA FAMILY GROUP LIMITED,London,Cheshire,Tier 2 (A rating),Tier 2 General
Adevinta Products & Technology UK Ltd,London,Cheshire,Tier 2 (A rating),Tier 2 General
Adevinta Products & Technology UK Ltd,London,Cheshire,Tier 2 (A rating),Intra Company Transfers (ICT)
Adey Innovation Limited,Cheltenham,Gloucestershire,Tier 2 (A rating),Tier 2 General
Adfenix Ltd,London,Gloucestershire,Tier 2 (A rating),Tier 2 General
Adfenix Ltd,London,Gloucestershire,Tier 2 (A rating),Intra Company Transfers (ICT)
Adform London Limited,London,Gloucestershire,Tier 2 (A rating),Tier 2 General
ADG Market Making LLP,London,Gloucestershire,Tier 2 (A rating),Tier 2 General
Adgistics Limited,London,Gloucestershire,Tier 2 (A rating),Tier 2 General
Adhunter Limited,London,Gloucestershire,Tier 2 (A rating),Tier 2 General
adi Automation Limited,Birmingham,West Midlands,Tier 2 (A rating),Tier 2 General
ADI Automotive Services Limited,Birmingham,West Midlands,Tier 2 (A rating),Tier 2 General
ADIB (UK) LIMITED,London,West Midlands,Tier 2 (A rating),Tier 2 General
ADIB (UK) LIMITED,London,West Midlands,Tier 2 (A rating),Intra Company Transfers (ICT)
Adichis Healthcare Ltd,Coventry,Warwickshire,Tier 2 (A rating),Tier 2 General
adidas UK Ltd,Stockport,Cheshire,Tier 2 (A rating),Tier 2 General
adidas UK Ltd,Stockport,Cheshire,Tier 2 (A rating),Intra Company Transfers (ICT)
Adient Seating UK Ltd,Coventry,Cheshire,Tier 2 (A rating),Tier 2 General
Adient Seating UK Ltd,Coventry,Cheshire,Tier 2 (A rating),Intra Company Transfers (ICT)
ADInstruments  Ltd,Oxford,Oxfordshire,Tier 2 (A rating),Tier 2 General
Adit Teleservices Limited,Reading,Oxfordshire,Tier 2 (A rating),Tier 2 General
Adjaye Associates Limited,London,Westminster,Tier 2 (A rating),Tier 2 General
Adjoint UK Ltd,London,London,Tier 2 (A rating),Intra Company Transfers (ICT)
Adjusting Services Ltd,London,London,Tier 2 (A rating),Tier 2 General
Adkins & Matchett (UK) Ltd,London,London,Tier 2 (A rating),Intra Company Transfers (ICT)
Adkins & Matchett (UK) Ltd,London,London,Tier 2 (A rating),Tier 2 General
Adkins Consultants Limited,Maidstone,Kent,Tier 2 (A rating),Tier 2 General
Adlens Limited,Eynsham,Oxfordshire,Tier 2 (A rating),Tier 2 General
Adlens Limited,Eynsham,Oxfordshire,Tier 2 (A rating),Intra Company Transfers (ICT)
Adlington Cricket Club,Near Bolton,Oxfordshire,Tier 5 (A rating),Creative & Sporting
ADLINK Technology Ltd,Gateshead,Tyne and Wear,Tier 2 (A rating),Tier 2 General
Adludio Limited,London,Tyne and Wear,Tier 2 (A rating),Tier 2 General
Adludio Limited,London,Tyne and Wear,Tier 2 (A rating),Intra Company Transfers (ICT)
ADM AUTOMATION LIMITED,Gateshead,UK,Tier 2 (A rating),Tier 2 General
ADM Capital Europe LLP,London,UK,Tier 2 (A rating),Tier 2 General
ADM COMPUTING,Canterbury,Kent,Tier 2 (A rating),Tier 2 General
ADM Pressings Limited,Newcastle Upon Tyne,Kent,Tier 2 (A rating),Tier 2 General
ADM Promotions UK Limited,London,Kent,Tier 2 (A rating),Tier 2 General
ADM Promotions UK Limited,London,Kent,Tier 2 (A rating),Intra Company Transfers (ICT)
Administrate Ltd,Edinburgh,Kent,Tier 2 (A rating),Tier 2 General
Admiral Markets UK Ltd,London,Kent,Tier 2 (A rating),Tier 2 General
Admiral Markets UK Ltd,London,Kent,Tier 2 (A rating),Intra Company Transfers (ICT)
Admiral Recruitment Limited,London,Kent,Tier 2 (A rating),Tier 2 General
Admix,London,Kent,Tier 2 (A rating),Tier 2 General
Adobe Systems UK Ltd,Maidenhead,Berkshire,Tier 2 (A rating),Tier 2 General
Adobe Systems UK Ltd,Maidenhead,Berkshire,Tier 2 (A rating),Intra Company Transfers (ICT)
Adoreboard Limited,Belfast,Select,Tier 2 (A rating),Tier 2 General
ADORN SPA LIMITED,Wembley,MIDDLESEX,Tier 2 (A rating),Tier 2 General
Adrem Contracts Limited,London,MIDDLESEX,Tier 2 (A rating),Tier 2 General
Adrem Grp Ltd,London,MIDDLESEX,Tier 2 (A rating),Tier 2 General
ADRIAN & CO,Norbury,Greater London,Tier 2 (A rating),Tier 2 General
ADRIAN GIBSON MUSIC PRODUCTIONS,London,Greater London,Tier 5 (A rating),Creative & Sporting
Adroit Accountax Ltd,London,Greater London,Tier 2 (A rating),Tier 2 General
Adroit Tech Solutions,Bracknell,Greater London,Tier 2 (A rating),Tier 2 General
AdRoll UK Limited,London,Greater London,Tier 2 (A rating),Tier 2 General
AdRoll UK Limited,London,Greater London,Tier 2 (A rating),Intra Company Transfers (ICT)
ADROSONIC UK LIMITED,London,Greater London,Tier 2 (A rating),Tier 2 General
ADROSONIC UK LIMITED,London,Greater London,Tier 2 (A rating),Intra Company Transfers (ICT)
ADS Securities London Ltd,London,Greater London,Tier 2 (A rating),Tier 2 General
ADS Securities London Ltd,London,Greater London,Tier 2 (A rating),Intra Company Transfers (ICT)
Adstream UK Ltd,London,Greater London,Tier 2 (A rating),Tier 2 General
Adstream UK Ltd,London,Greater London,Tier 2 (A rating),Intra Company Transfers (ICT)
Adsyst (Automation) Ltd,Stafford,Staffordshire,Tier 2 (A rating),Tier 2 General
ADTEK LIMITED,Newcastle,TYNE & WEAR,Tier 2 (A rating),Tier 2 General
Adthena Ltd,London,TYNE & WEAR,Tier 2 (A rating),Tier 2 General
Adthena Ltd,London,TYNE & WEAR,Tier 2 (A rating),Intra Company Transfers (ICT)
ADTRAN Europe Limited,Basingstoke,Hampshire,Tier 2 (A rating),Intra Company Transfers (ICT)
ADVA Optical Networking Ltd,York,North Yorkshire,Tier 2 (A rating),Intra Company Transfers (ICT)
Advance Education Centre(London),London,Brent,Tier 2 (A rating),Tier 2 General
Advance Global Capital Lt,London,Brent,Tier 2 (A rating),Tier 2 General
Advance International Media Ltd,London,Brent,Tier 2 (A rating),Tier 2 General
Advance Media Ltd,London,Greater London,Tier 2 (A rating),Tier 2 General
Advance Motors Limited,Slough,Berkshire,Tier 2 (A rating),Tier 2 General
Advance Shipping Limited,London,Berkshire,Tier 2 (A rating),Tier 2 General
Advanced 365 Limited,London,Berkshire,Tier 2 (A rating),Tier 2 General
Advanced Accessories LTD T/A Mr Mobile,Manchester,Lancs,Tier 2 (A rating),Tier 2 General
Advanced Alternative Media Limited,London,Lancs,Tier 5 (A rating),Creative & Sporting
ADVANCED BROADCAST SERVICES LIMITED,London,Lancs,Tier 2 (A rating),Tier 2 General
Advanced Capability Solutions Ltd,London,Lancs,Tier 2 (A rating),Tier 2 General
Advanced Consulting Service Limited,Mansfield Woodhouse,Nottinghamshire,Tier 2 (A rating),Tier 2 General
ADVANCED DESIGN TECHNOLOGY LIMITED,London,Nottinghamshire,Tier 2 (A rating),Tier 2 General
Advanced Electric Machines Research Ltd,Washington,County,Tier 2 (A rating),Tier 2 General
Advanced Electronics Limited,Newcastle Upon Tyne,County,Tier 2 (A rating),Tier 2 General
Advanced Engine Research Ltd,Basildon,Essex,Tier 2 (A rating),Tier 2 General
Advanced Hair Studios Group Ltd,London,Essex,Tier 2 (A rating),Tier 2 General
Advanced Healthcare Ltd,Tonbridge,Kent,Tier 2 (A rating),Intra Company Transfers (ICT)
Advanced Insulation Systems Ltd,Gloucester,Kent,Tier 2 (A rating),Tier 2 General
Advanced Interior Solutions Limited,London,Kent,Tier 2 (A rating),Tier 2 General
Advanced Laser Technology Limited,Stockport,Greater Manchester,Tier 2 (A rating),Tier 2 General
Advanced Manufacturing(Sheffield) Ltd,Rotherham,South Yorkshire,Tier 2 (A rating),Tier 2 General
Advanced Medical Solutions Limited,Winsford,Cheshire,Tier 2 (A rating),Tier 2 General
Advanced Oncotherapy Plc,London,Cheshire,Tier 2 (A rating),Tier 2 General
Advanced Payment Solutions,London,Cheshire,Tier 2 (A rating),Tier 2 General
Advanced Personnel Management Group (UK) Ltd,Birmingham,West Midlands,Tier 2 (A rating),Intra Company Transfers (ICT)
Advanced Personnel Management Group (UK) Ltd,Birmingham,West Midlands,Tier 2 (A rating),Tier 2 General
Advanced Sensors Limited,Carrickfergus,Co Antrim,Tier 2 (A rating),Tier 2 General
Advanced Solutions International (Europe) Ltd,Shoreham By Sea,West Sussex,Tier 2 (A rating),Intra Company Transfers (ICT)
Advance,London,West Sussex,Tier 5 (A rating),Voluntary Workers
Advancy Ltd,London,Greater London,Tier 2 (A rating),Tier 2 General
Advansys Engineering Services and Consultancy Limited,Oxford,Greater London,Tier 2 (A rating),Tier 2 General
Advansys Engineering Services and Consultancy Limited,Oxford,Greater London,Tier 2 (A rating),Intra Company Transfers (ICT)
Advantage Business Systems Limited,London,London,Tier 2 (A rating),Tier 2 General
Advantage Multi-Academy Trust,Hounslow,London,Tier 2 (A rating),Tier 2 General
Advantage Resourcing UK Ltd,London,London,Tier 2 (A rating),Tier 2 General
Advantage Resourcing UK Ltd,London,London,Tier 2 (A rating),Intra Company Transfers (ICT)
Advantage Schools,Bedford,Bedfordshire,Tier 2 (A rating),Tier 2 General
Advantage Travel Centres Limited,London,Bedfordshire,Tier 2 (A rating),Tier 2 General
Advantage-NRG Ltd,Preston,Lancashire,Tier 2 (A rating),Tier 2 General
Advantech Europe BV UK Branch,London,Lancashire,Tier 2 (A rating),Intra Company Transfers (ICT)
Advantech Surgical Ltd,Torquay,Devon,Tier 2 (A rating),Tier 2 General
Advantix Limited,Northwood,Middlesex,Tier 2 (A rating),Tier 2 General
Adveniunt Medical International Limited,London,Middlesex,Tier 2 (A rating),Tier 2 General
Advent Bioservices Ltd,London,Middlesex,Tier 2 (A rating),Tier 2 General
Advent Data Solutions Ltd,Stanmore,Middlesex,Tier 2 (A rating),Tier 2 General
Advent International Ltd,London,Middlesex,Tier 2 (A rating),Tier 2 General
Advent International Ltd,London,Middlesex,Tier 2 (A rating),Intra Company Transfers (ICT)
Adventure Leadership Training Trust,Bangor,Down,Tier 5 (A rating),Voluntary Workers
Adventure Pictures Ltd,London,Down,Tier 5 (A rating),Creative & Sporting
ADVERTTU LIMITED,London,Down,Tier 2 (A rating),Tier 2 General
ADVFN PLC,London,Down,Tier 2 (A rating),Tier 2 General
Advinia Care Homes,Finchley,Down,Tier 2 (A rating),Tier 2 General
ADVIZZO,London,Down,Tier 2 (A rating),Tier 2 General
Advokatfirmaet Kromann Reumert,London,Down,Tier 2 (A rating),Tier 2 General
Adyen UK Limited,London,Down,Tier 2 (A rating),Tier 2 General
AE Portsoken Asset Management Ltd,Hampstead,London,Tier 2 (A rating),Tier 2 General
AE Portsoken Asset Management Ltd,Hampstead,London,Tier 2 (A rating),Intra Company Transfers (ICT)
AEA Consulting Worldwide Ltd,London,London,Tier 2 (A rating),Tier 2 General
AEA Investors (UK) LLP,London,London,Tier 2 (A rating),Tier 2 General
AEA Investors (UK) LLP,London,London,Tier 2 (A rating),Intra Company Transfers (ICT)
AECC University College,Bournemouth,Dorset,Tier 2 (A rating),Tier 2 General
AECOM LIMITED,London,Dorset,Tier 2 (A rating),Tier 2 General
AECOM LIMITED,London,Dorset,Tier 2 (A rating),Intra Company Transfers (ICT)
Aedas Interiors London Limited,London,Dorset,Tier 2 (A rating),Tier 2 General
Aedas Interiors London Limited,London,Dorset,Tier 2 (A rating),Intra Company Transfers (ICT)
Aedas London Limited,London,Dorset,Tier 2 (A rating),Tier 2 General
Aedas London Limited,London,Dorset,Tier 2 (A rating),Intra Company Transfers (ICT)
AEG Fuels UK Limited,West Sussex,Dorset,Tier 2 (A rating),Tier 2 General
AEG Fuels UK Limited,West Sussex,Dorset,Tier 2 (A rating),Intra Company Transfers (ICT)
AEG Presents Ltd,London,Dorset,Tier 2 (A rating),Tier 2 General
AEG Presents Ltd,London,Dorset,Tier 5 (A rating),Creative & Sporting
AEG Presents Ltd,London,Dorset,Tier 2 (A rating),Intra Company Transfers (ICT)
Aegg Limited,Andover,Hants,Tier 2 (A rating),Tier 2 General
Aegila Capital Management Limited,London,Hants,Tier 2 (A rating),Tier 2 General
AEGIS Engineering Systems (AES) Ltd,Derby,Derbyshire,Tier 2 (A rating),Tier 2 General
Aegis Trust,Newark,Nottinghamshire,Tier 2 (A rating),Intra Company Transfers (ICT)
Aegis Trust,Newark,Nottinghamshire,Tier 2 (A rating),Tier 2 General
Aegis Trust,Newark,Nottinghamshire,Tier 5 (A rating),Voluntary Workers
Aegis Vision Limited,London,Nottinghamshire,Tier 2 (A rating),Tier 2 General
Aegis Vision Limited,London,Nottinghamshire,Tier 5 (A rating),Creative & Sporting
AEGON UK PLC,London,Nottinghamshire,Tier 2 (A rating),Tier 2 General
AEGON UK PLC,London,Nottinghamshire,Tier 2 (A rating),Intra Company Transfers (ICT)
AEI Compounds Limited,Sandwich,Kent,Tier 2 (A rating),Intra Company Transfers (ICT)
AEI Compounds Limited,Sandwich,Kent,Tier 2 (A rating),Tier 2 General
AEI Group LTD,London,Kent,Tier 2 (A rating),Tier 2 General
AEO Trading Ltd,London,Kent,Tier 2 (A rating),Tier 2 General
AEON Engineering Ltd,Newcastle Under Lyme,Staffordshire,Tier 2 (A rating),Tier 2 General
Aeorema Limited,London,Staffordshire,Tier 2 (A rating),Tier 2 General
AEP UK LTD,Northampton,Northamptonshire,Tier 2 (A rating),Tier 2 General
Aequitas Consulting Limited,London,Northamptonshire,Tier 2 (A rating),Tier 2 General
Aerial Days Limited,London,Northamptonshire,Tier 2 (A rating),Tier 2 General
Aerial Edge Circus Schools Ltd,Glasgow,Northamptonshire,Tier 5 (A rating),Creative & Sporting
Aerial Target Systems Limited,Swindon,Wiltshire,Tier 2 (A rating),Tier 2 General
Aeriandi,Newbury,Berkshire,Tier 2 (A rating),Tier 2 General
Aeris Engineering Services Ltd,Wouldham,Kent,Tier 2 (A rating),Tier 2 General
Aeristech Limited,"Leamington Spa,",Warwickshire,Tier 2 (A rating),Tier 2 General
AERIUM FINANCE LIMITED,London,Warwickshire,Tier 2 (A rating),Tier 2 General
Aermont Capital LLP,London,Warwickshire,Tier 2 (A rating),Tier 2 General
Aermont Capital LLP,London,Warwickshire,Tier 2 (A rating),Intra Company Transfers (ICT)
Aerocare International Ltd,Warrington,Cheshire,Tier 2 (A rating),Tier 2 General
Aeromet International Limited,Sittingbourne,Kent,Tier 2 (A rating),Tier 2 General
Aerona Software Systems Ltd,Derry/londonderry,Derry/Londonderry,Tier 2 (A rating),Tier 2 General
Aeroservices Ltd,Leeds,West Yorkshire,Tier 2 (A rating),Tier 2 General
Aerospace Engineering Solutions Ltd,"Braintree,",West Yorkshire,Tier 2 (A rating),Tier 2 General
Aerotek Aviation Engineering Limited,Poole,Dorset,Tier 2 (A rating),Tier 2 General
AEROTEK DESIGN LIMITED,Bristol,Dorset,Tier 2 (A rating),Tier 2 General
Aerotrope Limited,Brighton,East Sussex,Tier 2 (A rating),Tier 2 General
AES Kilroot Power Limited,Carrickfergus,Co. Antrim,Tier 2 (A rating),Tier 2 General
AES Kilroot Power Limited,Carrickfergus,Co. Antrim,Tier 2 (A rating),Intra Company Transfers (ICT)
AESG Ltd,City Of London,Greater London,Tier 2 (A rating),Tier 2 General
Aesica Queenborough Limited,Kent,Greater London,Tier 2 (A rating),Tier 2 General
Aesop UK Limited,London,Greater London,Tier 2 (A rating),Tier 2 General
Aesop UK Limited,London,Greater London,Tier 2 (A rating),Intra Company Transfers (ICT)
AESSEAL plc,Rotherham,Sout Yorkshire,Tier 2 (A rating),Tier 2 General
AET UK Ltd,London,Sout Yorkshire,Tier 2 (A rating),Intra Company Transfers (ICT)
AET UK Ltd,London,Sout Yorkshire,Tier 2 (A rating),Tier 2 General
Aetha Consulting Limited,Cambridge,Sout Yorkshire,Tier 2 (A rating),Tier 2 General
Aethel Partners LLP,London,Sout Yorkshire,Tier 2 (A rating),Tier 2 General
Aethersys Ltd,London,Sout Yorkshire,Tier 2 (A rating),Tier 2 General
AETN UK,London,Sout Yorkshire,Tier 2 (A rating),Tier 2 General
Aetna Global Benefits UK Ltd,Farnborough,Hampshire,Tier 2 (A rating),Tier 2 General
Aetna Global Benefits UK Ltd,Farnborough,Hampshire,Tier 2 (A rating),Intra Company Transfers (ICT)
AEW Europe LLP,London,Hampshire,Tier 2 (A rating),Tier 2 General
A-FAX HOLDINGS LTD.,Elland,Hampshire,Tier 2 (A rating),Tier 2 General
A-FAX HOLDINGS LTD.,Elland,Hampshire,Tier 2 (A rating),Intra Company Transfers (ICT)
AFC Bournemouth Limited,Bournemouth,Dorset,Tier 2 (A rating),Sport
AFC Bournemouth Limited,Bournemouth,Dorset,Tier 5 (A rating),Creative & Sporting
AFENEL LIMITED,London,Dorset,Tier 2 (A rating),Tier 2 General
AFerry Limited,Sutton Courtenay,Oxfordshire,Tier 2 (A rating),Tier 2 General
Affectv Ltd,London,Oxfordshire,Tier 2 (A rating),Tier 2 General
Affectv Ltd,London,Oxfordshire,Tier 2 (A rating),Intra Company Transfers (ICT)
Affiliated Engineers Limited,Northampton,Oxfordshire,Tier 2 (A rating),Intra Company Transfers (ICT)
Affiliated Managers Group Limited,London,Oxfordshire,Tier 2 (A rating),Tier 2 General
Affiliated Managers Group Limited,London,Oxfordshire,Tier 2 (A rating),Intra Company Transfers (ICT)
Affinity (Shipping) LLP,London,Oxfordshire,Tier 2 (A rating),Tier 2 General
Affinity (Shipping) LLP,London,Oxfordshire,Tier 2 (A rating),Intra Company Transfers (ICT)
Affinity Fire Engineering (UK) Ltd,London,Oxfordshire,Tier 2 (A rating),Tier 2 General
